Mutations,RS,SR,SS,RR,2OH
WT,0,0,10,90,0
A93F,0,0,24,76,0
A93L,2,0,38,60,0
E144A,2.8,0,87.4,9.9,0
E144F,0,0.6,0.8,97.3,1.3
M205A,0,3.6,2,48.1,46.3
M205L,0,0,12,88,0
M205F,0,0,8,92,0
V195A,24.16,0,30.6,45.2,0
L194F,0,0,36,64,0
V195L,0.6,1.2,21.4,75.5,1.3
V195F,0,0,23,77,0
Y189A,0,26.3,21,14.9,37.8
G148A,2.7,0.9,55.8,39.1,1.4
A93I,0,0,73,27,0
A93N,0,3.9,35.6,58.1,2.4
A93V,0,0,26.45,73.55,0
D149G,1.5,2.2,42.1,53.3,0.9
E144C,0,0,55,45,0
E144D,0,2.9,12.2,71.2,13.9
E144G,1.1,0,74,13.3,11.6
E144H,7.3,0,74.63,16.68,1.39
E144I,1.4,0.7,88.8,7.5,1.6
E144K,0,23.2,12.5,51.1,13.1
E144M,0,0,100,0,0
E144N,10.2,0,57.4,32.4,0
E144R,0,0,93.5,6.5,0
E144T,0,0,70.9,29.1,0
E144V,0,0,86,14,0
E144W,0,0,78.5,21.5,0
K159F,0,6.3,45.1,9.5,39
K191D,0,4.6,46.3,46,3.2
K210E,0,0,67.2,32.8,0
K210F,0,0,30,70,0
K210W,0,0,2,98,0
L152G,0,0,33,67,0
L152H,2.3,0,30.6,36.3,0.7
L152K,0,0,49,51,0
L194G,0,0,18,82,0
L194K,0,0,17,83,0
L194Q,0,5.8,44.8,0,49.3
L198A,0,0,75.9,24.1,0
L198F,0,0,98,2,0
L198G,0,0,20,80,0
L198K,0,3,14.5,75.7,6.8
L198S ,0,0,0,0,0
L198Y,0,0,12,88,0
M205Y,0,3.8,30.6,15,50.6
N95F,0,0,7.6,88.6,3.8
N95K,0,0,6,87.1,6.9
N95Q,8.8,0,17.5,4,69.8
N95W,3,0,30,67,0
P193W,0,0,14,86,0
S141D,0,0,8,92,0
S141V,8.8,0,22.34,68.9,0
S142C,0,0,84,16,0
S142D,0,0,76.1,23.9,0
V147L,6.3,0,36.9,56.9,0
V195C,1.69,2.57,21.28,72.49,1.96
V195G,0,48.8,14.8,20.2,16.2
V195H,0,0.94,2.67,83.62,12.75
V195I,2.83,1.01,13.42,81.04,1.67
V195K,0,0,17.9,80.1,2
V195N,0,2.5,7.8,29.9,59.8
V195Q,1.54,2.16,32.08,62.19,2.02
V195R,0,10.6,62.8,26.6,0
V195S,0,36.9,29.4,27,6.8
V195T,0,1.6,6.1,89.3,2.9
V195W,2.4,0,4.1,79.3,14.2
V195Y,0,1.7,9.2,86.7,2.4
Y189C,0,13.3,4.6,5.8,76.4
Y189V,0,10.3,24.8,7,57.9
Y248A,0,7.1,38.5,3.4,51
Y248F,2.7,0,15.2,74.1,8
